date,rfswarm-agent-base,rfswarm-agent-sshlibrary,rfswarm-agent-seleniumlibrary-firefox
2026-04-16,855,764,801
2026-04-17,856,765,801
2026-04-18,860,770,803
2026-04-19,860,770,804

2026-04-20,860,770,805

2026-04-21,862,772,808

2026-04-22,864,774,809

2026-04-23,867,778,813

2026-04-24,873,788,817

2026-04-25,873,789,820

2026-04-26,875,793,823

2026-04-27,875,793,823

2026-04-28,878,796,825

2026-04-29,878,796,826

2026-04-30,881,799,826

2026-05-01,881,799,828

2026-05-02,883,801,830

2026-05-03,887,805,834

2026-05-04,888,807,836

2026-05-05,893,812,837

2026-05-06,896,815,839

2026-05-07,896,815,839

2026-05-08,898,817,842

2026-05-09,902,819,846

2026-05-10,902,819,846

2026-05-11,902,819,846

2026-05-12,902,819,846

2026-05-13,902,819,846

2026-05-14,902,819,846

2026-05-15,902,819,846

2026-05-16,904,823,852

2026-05-17,905,825,852

2026-05-18,905,825,852

2026-05-19,908,828,856

2026-05-20,908,828,860

2026-05-21,908,828,860

2026-05-22,908,828,860

2026-05-23,908,828,860

2026-05-24,908,828,860

2026-05-25,908,828,860

2026-05-26,908,828,860

2026-05-27,908,828,860

2026-05-28,908,828,861

2026-05-29,908,828,861

2026-05-30,908,828,861

2026-05-31,909,828,861

2026-06-01,909,828,861

2026-06-02,909,828,861

2026-06-03,909,828,861

2026-06-04,910,829,861

2026-06-05,910,829,861

2026-06-06,910,829,862

2026-06-07,910,829,862

2026-06-08,910,829,862

2026-06-09,910,829,862

2026-06-10,910,829,862

2026-06-11,910,829,862

2026-06-12,912,831,864

2026-06-13,912,831,865

2026-06-14,913,832,866

2026-06-15,913,832,866

2026-06-16,913,832,866

2026-06-17,913,832,866

2026-06-18,913,832,866

2026-06-19,913,832,866

2026-06-20,913,832,866

2026-06-21,913,832,866

2026-06-22,913,832,866

2026-06-23,913,832,866

2026-06-24,913,832,866

2026-06-25,913,832,866

2026-06-26,914,832,866

2026-06-27,914,833,867

2026-06-28,914,833,867

2026-06-29,914,833,867

2026-06-30,917,836,870

2026-07-01,917,836,870

2026-07-02,918,837,871

2026-07-03,918,837,871

2026-07-04,921,840,874

2026-07-05,921,840,874

2026-07-06,921,840,874

2026-07-07,921,840,874

2026-07-08,921,840,875

2026-07-09,921,840,875

2026-07-10,921,840,875

2026-07-11,921,840,875

2026-07-12,931,849,884

2026-07-13,969,887,922

2026-07-14,1033,948,983

2026-07-15,1082,996,1028

2026-07-16,1147,1068,1091

2026-07-17,1204,1125,1147

2026-07-18,1256,1177,1199

2026-07-19,1315,1233,1259

2026-07-20,1370,1288,1312

2026-07-21,1443,1369,1376

2026-07-22,1510,1436,1444

2026-07-23,1626,1557,1574

2026-07-24,1704,1635,1651

2026-07-25,1796,1727,1742

2026-07-26,1857,1789,1799

2026-07-27,1914,1839,1857

2026-07-28,1991,1915,1932

2026-07-29,2092,2020,2055

2026-07-30,2135,2075,2106

2026-07-31,2187,2126,2154

2026-08-01,2226,2165,2196

2026-08-02,2235,2174,2214

2026-08-03,2242,2182,2214

2026-08-04,2266,2207,2241

2026-08-05,2277,2217,2252

2026-08-06,2281,2221,2254

2026-08-07,2281,2221,2254

2026-08-08,2281,2221,2254

2026-08-09,2281,2221,2254

2026-08-10,2281,2221,2254

2026-08-11,2281,2221,2254
